{"cameraMode":{"drawMode":0,"name":"Shaded","section":"Shading Mode"},"sceneLighting":true,"audioPlay":false,"sceneViewState":{"showFog":true,"showMaterialUpdate":false,"showSkybox":true,"showFlares":true,"showImageEffects":true,"showParticleSystems":true},"in2DMode":false,"pivot":{"x":31.718626022338868,"y":1.976647973060608,"z":-13.045831680297852},"rotation":{"x":-0.24966095387935639,"y":0.0057170395739376549,"z":-0.0011509931646287442,"w":-0.9684146642684937},"size":1.1429600715637208,"orthographic":false}