{"cameraMode":{"drawMode":0,"name":"Shaded","section":"Shading Mode"},"sceneLighting":false,"audioPlay":false,"sceneViewState":{"showFog":true,"showMaterialUpdate":false,"showSkybox":false,"showFlares":true,"showImageEffects":true,"showParticleSystems":true},"in2DMode":false,"pivot":{"x":17.480228424072267,"y":21.954853057861329,"z":18.99761390686035},"rotation":{"x":-0.11226804554462433,"y":-0.8838779330253601,"z":0.36209064722061159,"w":-0.27405160665512087},"size":26.115129470825197,"orthographic":false}