{"cameraMode":{"drawMode":0,"name":"Shaded","section":"Shading Mode"},"sceneLighting":false,"audioPlay":false,"sceneViewState":{"showFog":true,"showMaterialUpdate":false,"showSkybox":false,"showFlares":true,"showImageEffects":true,"showParticleSystems":true},"in2DMode":false,"pivot":{"x":2.996858596801758,"y":2.971546173095703,"z":26.76785659790039},"rotation":{"x":0.4537561535835266,"y":-0.42740416526794436,"z":0.26340484619140627,"w":0.7362797260284424},"size":22.377443313598634,"orthographic":false}