{"cameraMode":{"drawMode":0,"name":"Shaded","section":"Shading Mode"},"sceneLighting":false,"audioPlay":false,"sceneViewState":{"showFog":true,"showMaterialUpdate":false,"showSkybox":false,"showFlares":true,"showImageEffects":true,"showParticleSystems":true},"in2DMode":false,"pivot":{"x":-3.8999998569488527,"y":6.619999885559082,"z":-6.329999923706055},"rotation":{"x":-0.36794373393058779,"y":-0.6083627939224243,"z":0.5911387801170349,"w":-0.3819969594478607},"size":12.12435531616211,"orthographic":false}