{"cameraMode":{"drawMode":0,"name":"Shaded","section":"Shading Mode"},"sceneLighting":false,"audioPlay":false,"sceneViewState":{"showFog":true,"showMaterialUpdate":false,"showSkybox":false,"showFlares":true,"showImageEffects":true,"showParticleSystems":true},"in2DMode":false,"pivot":{"x":-9.05362319946289,"y":23.047672271728517,"z":-5.85333251953125},"rotation":{"x":0.1694004386663437,"y":-0.827624499797821,"z":0.40835171937942507,"w":0.34652140736579897},"size":30.68550682067871,"orthographic":false}