{"cameraMode":{"drawMode":0,"name":"Shaded","section":"Shading Mode"},"sceneLighting":false,"audioPlay":false,"sceneViewState":{"showFog":true,"showMaterialUpdate":false,"showSkybox":true,"showFlares":true,"showImageEffects":true,"showParticleSystems":true},"in2DMode":false,"pivot":{"x":16.94892692565918,"y":-15.520872116088868,"z":-26.525548934936525},"rotation":{"x":-0.090720035135746,"y":-0.7960036396980286,"z":0.5839239358901978,"w":-0.13506264984607697},"size":16.42527198791504,"orthographic":false}