{"cameraMode":{"drawMode":0,"name":"Shaded","section":"Shading Mode"},"sceneLighting":false,"audioPlay":false,"sceneViewState":{"showFog":true,"showMaterialUpdate":false,"showSkybox":false,"showFlares":true,"showImageEffects":true,"showParticleSystems":true},"in2DMode":false,"pivot":{"x":-2.1301450729370119,"y":-1.510791301727295,"z":3.0907435417175295},"rotation":{"x":-0.25975242257118227,"y":0.5337615013122559,"z":-0.17724007368087769,"w":-0.7852866053581238},"size":4.574234962463379,"orthographic":false}