{"cameraMode":{"drawMode":0,"name":"Shaded","section":"Shading Mode"},"sceneLighting":false,"audioPlay":false,"sceneViewState":{"showFog":true,"showMaterialUpdate":false,"showSkybox":false,"showFlares":true,"showImageEffects":true,"showParticleSystems":true},"in2DMode":false,"pivot":{"x":-13.885870933532715,"y":20.662128448486329,"z":-8.299335479736329},"rotation":{"x":-0.07494045794010163,"y":-0.8835984468460083,"z":0.43842557072639468,"w":-0.1480088084936142},"size":28.94822883605957,"orthographic":false}