{"cameraMode":{"drawMode":0,"name":"Shaded","section":"Shading Mode"},"sceneLighting":false,"audioPlay":false,"sceneViewState":{"showFog":true,"showMaterialUpdate":false,"showSkybox":false,"showFlares":true,"showImageEffects":true,"showParticleSystems":true},"in2DMode":false,"pivot":{"x":-1.2100000381469727,"y":2.238490581512451,"z":7.21250057220459},"rotation":{"x":-0.06396002322435379,"y":-0.7492928504943848,"z":0.07384064793586731,"w":-0.6555403470993042},"size":5.002198219299316,"orthographic":false}